path,sentence
wav/griots-r1-2-Tx@BKO-PLAGE-104.18-108.45.wav,AAA O K'A MA A KO MUN Y'I SƆRƆ I NI JƆNNI CIRA ƝƆGƆNNA A KO NE NI MAA MA CI ƝƆGƆN NA DƐ
wav/griots-r1-2-Tx@BKO-PLAGE-108.65-113.55.wav,A KO N YE NI DUGUTIGI DENKƐFƆLƆ DE KƐLƐ LA N YE MURU D'A LA KA KANNAN KA KANTIGƐ O JOLI DE BƐ NE FARIKOLO NI ƝƆGƆN CƐ TAN
wav/griots-r1-2-Tx@BKO-PLAGE-11.63-12.66.wav,MU Y'E SE YAN
wav/griots-r1-2-Tx@BKO-PLAGE-113.95-116.53.wav,N NANA DE KA NA N KALIFA I LA N'A YA SƆR'I BƐ SE KA N BISIMILA
wav/griots-r1-2-Tx@BKO-PLAGE-116.73-120.39.wav,A KO TIƝƐN YƐRƐ LA A KO E YE FƐN BƐƐ KƐ N YE MƐ I BISIMILA YƆRƆ TƐ NE FƐ YAN
wav/griots-r1-2-Tx@BKO-PLAGE-12.86-16.34.wav,AAA A KO BASI TƐ A KO DAYƐLƐ DƆRƆN A YE DAYƐLƐ A YE JOLI Y'A FARIKOLO BƐ NI ƝƆGƆN CƐ
wav/griots-r1-2-Tx@BKO-PLAGE-121.23-123.58.wav,O FANA Y'A GƐN DƆNKE A TAARA LABAN MIN
wav/griots-r1-2-Tx@BKO-PLAGE-124.12-127.95.wav,A TAARA LABAN A BADEN KƆRƆ DE FƐ YEN FAKELENBAKELEN
wav/griots-r1-2-Tx@BKO-PLAGE-128.07-128.9.wav,SISAN A NANA YEN
